,City,Country,Date,Latitude,Longitude,Max Temperature,Humidity,Cloudiness,Wind Speed
0,Warri,NG,1598548555,5.52,5.75,80.74,70,81,8.68
1,Manggar,ID,1598548528,-2.88,108.27,81.09,76,97,12.55
2,Tuktoyaktuk,CA,1598547997,69.45,-133.04,41.0,75,90,10.29
3,Hoquiam,US,1598548555,46.98,-123.89,62.01,93,90,4.56
4,Bredasdorp,ZA,1598548027,-34.53,20.04,60.8,67,0,9.17
5,Yaan,NG,1598548555,7.38,8.57,79.77,85,89,4.05
6,Lebu,CL,1598548028,-37.62,-73.65,52.12,79,99,10.54
7,Cape Town,ZA,1598547999,-33.93,18.42,60.8,63,40,9.17
8,Zyryanka,RU,1598548556,65.75,150.85,40.44,83,82,8.01
9,Philadelphia,US,1598548433,39.95,-75.16,91.0,55,40,19.46
10,Mindelo,CV,1598548490,16.89,-24.98,86.0,62,75,6.93
11,Moose Factory,CA,1598548557,51.26,-80.61,53.6,66,75,4.7
12,Chokurdakh,RU,1598548068,70.63,147.92,34.48,89,100,6.42
13,Kavaratti,IN,1598548557,10.57,72.64,82.51,75,100,13.73
14,Khovd,MN,1598548506,48.01,91.64,56.73,40,100,1.74
15,Tarancón,ES,1598548558,40.01,-3.01,96.01,16,19,7.11
16,Kaitangata,NZ,1598548060,-46.28,169.85,37.0,88,100,5.39
17,Leshukonskoye,RU,1598548558,64.9,45.76,52.25,82,18,6.67
18,Shitanjing,CN,1598548392,39.23,106.34,68.34,25,2,5.75
19,Salym,RU,1598548559,60.06,71.48,56.37,76,27,3.0
20,Punta Arenas,CL,1598548010,-53.15,-70.92,39.2,60,40,29.97
21,Viedma,AR,1598548559,-40.81,-63.0,63.0,45,0,10.0
22,Ahipara,NZ,1598548559,-35.17,173.17,50.65,79,4,7.18
23,Atuona,PF,1598548063,-9.8,-139.03,78.48,75,72,22.06
24,Castro,BR,1598548022,-24.79,-50.01,75.06,33,0,3.02
25,Nushki,PK,1598548560,29.55,66.02,80.02,17,0,3.58
26,Mataura,NZ,1598547995,-46.19,168.86,36.19,88,82,3.67
27,Najrān,SA,1598548560,17.49,44.13,96.8,15,20,6.93
28,Uruaçu,BR,1598548560,-14.52,-49.14,102.2,8,41,2.42
29,Husavik,IS,1598548091,66.04,-17.34,57.2,47,75,17.22
30,Rikitea,PF,1598548001,-23.12,-134.97,67.6,61,0,1.81
31,Yellowknife,CA,1598548026,62.46,-114.35,55.4,87,75,13.87
32,Pervomayskiy,RU,1598548561,53.25,40.29,64.72,74,100,3.22
33,Albany,US,1598547995,42.6,-73.97,62.01,90,100,3.71
34,Yatou,CN,1598548049,37.15,122.38,72.19,95,85,2.66
35,Guerrero Negro,MX,1598548561,27.98,-114.06,85.37,51,0,2.44
36,Ryde,GB,1598548282,50.73,-1.16,64.99,86,100,5.99
37,Bowen,AU,1598548500,-20.02,148.23,60.8,87,5,9.17
38,Ushuaia,AR,1598548006,-54.8,-68.3,42.8,38,40,21.92
39,Charters Towers,AU,1598548562,-20.1,146.27,55.76,84,6,7.0
40,Avarua,CK,1598548014,-21.21,-159.78,71.6,73,86,4.7
41,Hermanus,ZA,1598547991,-34.42,19.23,57.99,84,47,1.01
42,Farap,TM,1598548563,39.17,63.61,77.0,33,0,4.7
43,Bambous Virieux,MU,1598548060,-20.34,57.76,71.6,83,40,12.75
44,Mar del Plata,AR,1598548013,-38.0,-57.56,64.4,39,0,12.75
45,Nanuque,BR,1598548563,-17.84,-40.35,81.5,50,91,10.42
46,Vaini,TO,1598547996,-21.2,-175.2,66.2,100,96,4.7
47,Lagoa,PT,1598548075,39.05,-27.98,74.82,84,84,5.82
48,Torbay,CA,1598548007,47.67,-52.73,64.99,77,90,17.22
49,Hobart,AU,1598547765,-42.88,147.33,46.99,61,75,19.46
50,Mahébourg,MU,1598548004,-20.41,57.7,71.6,83,40,12.75
51,Topeka,US,1598548554,39.05,-95.68,84.99,54,1,8.05
52,Fortuna,US,1598548091,40.6,-124.16,59.0,93,90,4.7
53,Kwekwe,ZW,1598548564,-18.93,29.81,71.22,27,96,3.47
54,Iqaluit,CA,1598548005,63.75,-68.51,57.2,50,75,5.82
55,Nanortalik,GL,1598548565,60.14,-45.24,49.24,69,98,10.11
56,Russell,US,1598548000,32.35,-85.2,89.6,70,40,6.93
57,Poum,NC,1598548018,-20.23,164.02,69.78,71,90,10.69
58,Mehamn,NO,1598548484,71.04,27.85,44.6,81,75,17.22
59,Laguna,US,1598548044,38.42,-121.42,69.01,72,1,5.82
60,Arraial do Cabo,BR,1598548054,-22.97,-42.03,75.2,83,40,8.05
61,Arlit,NE,1598548565,18.74,7.39,98.65,25,46,6.93
62,São Filipe,CV,1598548114,14.9,-24.5,78.73,80,71,4.47
63,Kiryat Gat,IL,1598548081,31.61,34.76,82.99,53,0,6.8
64,Kapaa,US,1598548008,22.08,-159.32,73.99,94,75,12.75
65,Corowa,AU,1598548566,-36.03,146.38,44.6,75,90,9.17
66,Hithadhoo,MV,1598548030,-0.6,73.08,80.31,75,100,11.03
67,Whitianga,NZ,1598548566,-36.83,175.7,43.0,97,10,10.22
68,Nikolskoye,RU,1598548052,59.7,30.79,53.6,87,75,6.71
69,Fukuechō,JP,1598548567,32.69,128.84,80.74,86,92,19.24
70,Hong Kong,HK,1598547944,22.29,114.16,84.0,74,71,4.29
71,Omsukchan,RU,1598548567,62.53,155.8,37.04,86,96,4.63
72,Kualakapuas,ID,1598548406,-3.01,114.39,75.2,88,97,1.9
73,Qaanaaq,GL,1598547998,77.48,-69.36,39.07,89,100,10.25
74,Sokoni,TZ,1598548568,-6.43,39.55,78.8,74,20,5.82
75,Jamestown,US,1598548015,42.1,-79.24,82.99,69,40,16.11
76,Adrar,MR,1598548107,20.5,-10.07,104.16,16,30,11.63
77,Kpandu,GH,1598548412,7.0,0.29,81.82,71,52,4.36
78,Esperance,AU,1598548025,-33.87,121.9,53.6,93,0,14.99
79,San Patricio,MX,1598548072,19.22,-104.7,75.2,100,90,28.86
80,Nagai,JP,1598548279,38.1,140.03,77.0,82,0,1.01
81,Coyhaique,CL,1598548051,-45.58,-72.07,41.0,80,90,8.05
82,Marsh Harbour,BS,1598548569,26.54,-77.06,85.95,70,48,11.36
83,Tarko-Sale,RU,1598548351,64.92,77.78,50.0,88,0,6.29
84,Chui,UY,1598547959,-33.7,-53.46,56.68,98,100,12.26
85,Tasiilaq,GL,1598548017,65.61,-37.64,39.2,80,20,10.29
86,Balaguer,ES,1598548570,41.79,0.81,100.99,32,0,6.93
87,Yumen,CN,1598548060,40.28,97.2,62.19,27,17,13.49
88,Monrovia,LR,1598548570,6.3,-10.8,80.6,83,75,6.93
89,Upernavik,GL,1598548021,72.79,-56.15,44.58,66,98,9.08
90,Mauá,BR,1598548571,-23.67,-46.46,78.01,44,0,6.93
91,Ponta do Sol,PT,1598548029,32.67,-17.1,86.0,51,20,20.8
92,Carnarvon,AU,1598548058,-24.87,113.63,66.2,100,25,6.93
93,East London,ZA,1598547993,-33.02,27.91,64.4,72,0,14.99
94,Zawadzkie,PL,1598548572,50.6,18.48,66.0,59,75,8.01
95,Narsaq,GL,1598548085,60.92,-46.05,50.0,66,75,4.7
96,Bethel,US,1598548047,41.37,-73.41,80.01,69,1,13.87
97,Severo-Yeniseyskiy,RU,1598548572,60.37,93.04,47.05,97,88,3.91
98,Dutse,NG,1598548572,11.76,9.34,83.98,70,58,2.62
99,Port Alfred,ZA,1598547992,-33.59,26.89,62.85,81,0,11.9
100,Lavrentiya,RU,1598547985,65.58,-171.0,45.27,87,15,3.11
101,Bosaso,SO,1598548312,11.28,49.18,91.29,49,29,2.66
102,Ust-Maya,RU,1598548497,60.42,134.53,40.14,72,0,2.19
103,Reitz,ZA,1598548573,-27.8,28.43,63.46,35,92,15.9
104,Yulara,AU,1598548110,-25.24,130.99,68.0,22,0,10.29
105,Puerto Ayora,EC,1598547992,-0.74,-90.35,71.6,68,20,16.11
106,Nome,US,1598548085,64.5,-165.41,48.99,81,20,10.29
107,Dikson,RU,1598547984,73.51,80.55,48.45,85,54,10.98
108,Hay River,CA,1598548070,60.82,-115.8,55.4,93,90,12.75
109,Klaksvík,FO,1598548067,62.23,-6.59,55.4,62,34,13.87
110,Saskylakh,RU,1598548057,71.92,114.08,52.57,61,0,4.16
111,Iquique,CL,1598548018,-20.22,-70.14,64.4,59,20,13.87
112,Cherskiy,RU,1598547985,68.75,161.3,36.59,94,100,2.57
113,George,ZA,1598548575,-33.96,22.46,57.2,71,6,3.36
114,Sakakah,SA,1598547749,29.97,40.21,98.6,11,0,10.29
115,Hilo,US,1598547747,19.73,-155.09,71.6,83,75,6.93
116,Bluff,NZ,1598548018,-46.6,168.33,42.53,81,88,12.8
117,Kudahuvadhoo,MV,1598548022,2.67,72.89,83.53,70,100,11.32
118,Laas,IT,1598548048,46.62,10.7,66.2,59,72,2.24
119,Hofn,IS,1598548002,64.25,-15.21,51.8,81,75,8.05
120,Westport,US,1598548577,41.14,-73.36,84.0,71,61,11.54
121,Powell River,CA,1598548522,49.85,-124.54,62.6,82,20,2.48
122,Butaritari,KI,1598547990,3.07,172.79,81.9,70,66,10.16
123,Palmer,US,1598548097,42.16,-72.33,71.01,68,75,8.05
124,Şile,TR,1598548577,41.18,29.61,77.0,57,24,7.11
125,Safi,MA,1598548514,32.3,-9.24,83.1,45,0,23.33
126,Isangel,VU,1598548001,-19.55,169.27,71.64,85,100,17.98
127,Egvekinot,RU,1598548497,66.32,-179.17,42.69,88,82,8.66
128,George Town,MY,1598547732,5.41,100.34,80.6,88,20,4.7
129,Tigre,AR,1598548578,-34.43,-58.58,66.99,59,77,11.41
130,Cabo San Lucas,MX,1598548006,22.89,-109.91,87.8,62,20,6.93
131,Tashla,RU,1598548578,51.77,52.74,72.7,35,62,5.97
132,Melo,UY,1598548579,-32.37,-54.18,64.69,96,100,10.25
133,Tucuruí,BR,1598548579,-3.77,-49.67,97.7,34,20,3.22
134,Busselton,AU,1598548003,-33.65,115.33,48.99,78,1,6.6
135,Mandera,KE,1598548579,3.94,41.87,83.52,47,14,11.92
136,Lerwick,GB,1598548508,60.15,-1.15,53.6,76,75,6.93
137,Avera,US,1598548000,33.19,-82.53,87.8,70,40,3.36
138,Kisi,NG,1598548580,9.08,3.85,78.01,87,95,4.68
139,Khatanga,RU,1598547984,71.97,102.5,55.31,80,46,3.76
140,Teguise,ES,1598548580,29.06,-13.56,93.2,44,0,18.34
141,Kendari,ID,1598548580,-3.94,122.5,74.35,89,71,1.74
142,Inhambane,MZ,1598548412,-23.86,35.38,73.4,78,40,4.7
143,Togur,RU,1598548581,58.36,82.83,52.83,89,5,5.12
144,Atar,MR,1598548571,20.52,-13.05,108.39,14,9,16.24
145,Jackson,US,1598548581,42.42,-122.83,70.0,52,1,1.61
146,Berzovia,RO,1598548581,45.43,21.63,82.4,24,59,10.29
147,Longyearbyen,SJ,1598547894,78.22,15.64,41.0,65,40,12.75
148,Sitka,US,1598548077,57.05,-135.33,51.8,87,90,3.36
149,Saint George,US,1598548009,37.1,-113.58,93.0,25,1,5.3
150,Nantucket,US,1598548035,41.28,-70.1,68.0,60,75,12.75
151,Thompson,CA,1598548007,55.74,-97.86,60.8,72,75,4.7
152,Faanui,PF,1598548015,-16.48,-151.75,77.16,77,1,15.82
153,Kudat,MY,1598548583,6.88,116.85,77.0,94,20,1.12
154,Okakarara,NA,1598548583,-20.58,17.43,73.74,21,17,10.58
155,Emba,KZ,1598548583,48.83,58.14,78.71,27,0,0.85
156,Madimba,TZ,1598548584,-10.4,40.33,77.0,65,20,6.78
157,Valparaíso,CL,1598548584,-33.04,-71.63,55.4,81,40,9.17
158,Kargasok,RU,1598547987,59.06,80.86,51.98,88,0,5.19
159,Souillac,MU,1598548054,-20.52,57.52,71.6,83,40,12.75
160,Khuzhir,RU,1598548462,53.19,107.34,55.44,86,100,17.92
161,Santa Isabel,BR,1598548585,-23.32,-46.22,77.0,49,0,8.05
162,Labuhan,ID,1598548585,-6.88,112.21,77.34,76,85,8.14
163,Hurghada,EG,1598548585,27.26,33.81,91.4,33,0,12.75
164,Māngrol,IN,1598548585,21.12,70.12,81.19,85,49,17.78
165,Santa Rosa,PH,1598548586,14.31,121.11,84.99,83,66,4.7
166,Tisovec,SK,1598548586,48.68,19.94,64.99,55,20,20.8
167,Bengkulu,ID,1598548027,-3.8,102.27,76.17,84,2,5.68
168,Tiksi,RU,1598547984,71.69,128.87,38.62,83,0,2.82
169,Cândido Mendes,BR,1598548586,-1.45,-45.72,83.32,78,88,6.49
170,Provideniya,RU,1598548045,64.38,-173.3,47.16,85,38,2.21
171,Lakes Entrance,AU,1598548383,-37.88,147.98,46.99,79,6,1.99
172,Henties Bay,NA,1598548587,-22.12,14.28,55.99,90,1,1.01
173,Aden,YE,1598548587,12.78,45.04,87.71,67,70,3.91
174,Kruisfontein,ZA,1598548003,-34.0,24.73,59.0,70,0,1.01
175,Kashgar,CN,1598547989,39.45,75.98,71.6,56,75,2.24
176,Tagusao,PH,1598548588,9.19,117.81,80.19,80,17,3.71
177,Ketchikan,US,1598548025,55.34,-131.65,55.4,93,20,2.21
178,Talnakh,RU,1598547997,69.49,88.4,57.2,76,40,11.18
179,Big Bend,SZ,1598548588,-26.82,31.93,65.7,61,0,5.5
180,Lüderitz,NA,1598548024,-26.65,15.16,58.06,69,0,21.7
181,Cockburn Town,TC,1598548589,21.46,-71.14,83.43,80,4,16.37
182,New Norfolk,AU,1598547998,-42.78,147.06,46.99,78,8,3.0
183,Barrow,US,1598548007,71.29,-156.79,37.4,93,90,13.87
184,Saint Paul Harbor,US,1598548006,57.79,-152.41,51.8,81,90,4.7
185,Alofi,NU,1598548011,-19.06,-169.92,62.6,100,65,16.55
186,Salaverry,PE,1598548590,-8.23,-78.97,62.67,80,68,9.98
187,Ţahţā,EG,1598548590,26.77,31.5,95.0,20,0,12.75
188,Fairbanks,US,1598548014,64.84,-147.72,52.0,93,20,1.97
189,Edd,ER,1598548590,13.93,41.69,91.81,53,44,7.54
190,Camaná,PE,1598548402,-16.62,-72.71,64.11,76,65,12.64
191,Kohima,IN,1598548591,25.67,94.12,63.64,100,83,1.19
192,Hasaki,JP,1598547991,35.73,140.83,78.8,100,75,1.12
193,Shingū,JP,1598548591,33.73,135.98,76.5,85,0,7.16
194,Pisco,PE,1598548004,-13.7,-76.22,66.0,77,20,9.17
195,Bonthe,SL,1598548052,7.53,-12.51,79.59,78,97,11.61
196,Płock,PL,1598548592,52.55,19.71,60.8,77,75,18.34
197,Moindou,NC,1598548592,-21.69,165.68,59.0,77,13,4.88
198,Ribeira Grande,PT,1598548020,38.52,-28.7,77.0,88,75,5.82
199,Valentín Gómez Farías,MX,1598548592,28.22,-106.58,79.43,33,19,10.18
200,Merauke,ID,1598548592,-8.47,140.33,76.77,80,3,17.25
201,Shatsk,RU,1598548593,54.03,41.71,64.51,74,100,3.74
202,George Town,MY,1598548583,5.41,100.34,80.6,88,20,4.7
203,Salalah,OM,1598547993,17.02,54.09,77.0,94,90,5.82
204,Turukhansk,RU,1598548593,65.82,87.98,55.22,82,100,7.85
205,Muisne,EC,1598548593,0.6,-80.03,82.4,78,75,6.93
206,Yar-Sale,RU,1598548001,66.83,70.83,55.63,78,16,7.38
207,Killybegs,IE,1598548594,54.63,-8.45,59.0,77,75,9.17
208,Pangnirtung,CA,1598548594,66.15,-65.71,46.4,87,20,10.29
209,Solwezi,ZM,1598548594,-12.17,26.39,73.06,38,76,1.81
210,Jiwani,PK,1598548595,25.05,61.74,81.66,88,100,12.82
211,Buala,SB,1598547999,-8.14,159.59,80.91,80,100,9.6
212,Maniitsoq,GL,1598548107,65.42,-52.9,49.17,64,100,3.76
213,Coos Bay,US,1598548596,43.37,-124.22,69.01,93,20,5.82
214,Mbandaka,CD,1598548596,0.05,18.26,72.32,93,87,7.25
215,Kannad,IN,1598548596,20.27,75.13,73.35,88,100,8.25
216,Berdigestyakh,RU,1598548596,62.1,126.7,42.82,62,19,4.36
217,Rio Grande,BR,1598548597,-32.03,-52.1,60.8,93,75,5.82
218,Lorengau,PG,1598548109,-2.02,147.27,81.79,77,70,8.19
219,Mackay,AU,1598548500,-21.15,149.2,64.4,82,75,9.17
220,Port Elizabeth,ZA,1598548597,-33.92,25.57,59.0,72,0,10.29
221,Wagar,SD,1598548597,16.15,36.2,92.7,42,93,9.15
222,Gilgit,PK,1598548598,35.92,74.31,69.22,50,71,0.76
223,Ilulissat,GL,1598547976,69.22,-51.1,46.4,61,75,4.7
224,Dvinskoy Bereznik,RU,1598548598,62.86,42.71,52.52,90,63,5.44
225,Nioki,CD,1598548598,-2.72,17.68,71.73,93,100,1.99
226,Mahon,ES,1598548599,39.89,4.27,82.4,69,0,8.05
227,Punta Alta,AR,1598548599,-38.88,-62.07,62.53,43,0,18.39
228,Mörfelden-Walldorf,DE,1598548599,49.99,8.58,73.99,40,26,5.82
229,Marondera,ZW,1598548600,-18.19,31.55,65.66,44,99,5.59
230,Esna,EG,1598548600,25.29,32.55,96.8,22,0,8.05
231,Antofagasta,CL,1598548600,-23.65,-70.4,60.8,63,20,13.87
232,Kiruna,SE,1598548600,67.86,20.23,46.4,70,49,6.93
233,Izhma,RU,1598548601,65.01,53.91,54.75,93,100,5.99
234,Rasulnagar,PK,1598548601,32.33,73.78,77.0,88,40,9.17
235,Gazli,UZ,1598548601,40.13,63.45,74.91,32,0,12.86
236,Montrose,US,1598548339,38.42,-108.27,80.01,40,35,1.99
237,Porto Belo,BR,1598548602,-27.16,-48.55,73.4,64,0,6.93
238,Nicoya,CR,1598548602,10.15,-85.45,80.6,83,75,5.82
239,Dharampur,IN,1598548602,20.53,73.18,76.96,88,100,6.33
240,Saldanha,ZA,1598548032,-33.01,17.94,59.0,72,73,10.29
241,Māndal,IN,1598548602,25.45,74.57,78.85,81,58,6.87
242,Kununurra,AU,1598548051,-15.77,128.73,68.0,22,4,5.82
243,Deer Lake,CA,1598548603,49.17,-57.43,57.2,76,90,20.8
244,Ossora,RU,1598548090,59.24,163.07,46.18,76,96,7.05
245,Morgan City,US,1598548603,29.7,-91.21,82.4,88,75,14.99
246,Oranjemund,NA,1598548084,-28.55,16.43,55.65,79,2,9.86
247,Leningradskiy,RU,1598548052,69.38,178.42,37.9,93,96,4.92
248,Colombia,CU,1598548521,20.99,-77.43,89.6,62,20,10.29
249,Sola,VU,1598548529,-13.88,167.55,80.64,77,86,23.76
250,Gubkinskiy,RU,1598548604,64.43,76.5,57.42,70,3,6.69
251,Pāsighāt,IN,1598548604,28.07,95.33,77.68,84,40,3.0
252,Cam Ranh,VN,1598548605,11.92,109.16,86.0,89,40,2.24
253,San Miguel de Cozumel,MX,1598548605,20.51,-86.95,86.0,74,40,11.41
254,Mwanza,TZ,1598548516,-2.52,32.9,77.0,65,20,9.17
255,Bezenchuk,RU,1598548363,52.98,49.43,69.01,45,96,4.52
256,Broome,US,1598548510,42.25,-75.83,86.0,65,75,18.34
257,Kovdor,RU,1598548605,67.57,30.48,43.9,82,82,6.44
258,Qasigiannguit,GL,1598548606,68.82,-51.19,44.6,65,75,5.82
259,Tuatapere,NZ,1598548530,-46.13,167.68,39.47,87,69,7.29
260,Mahibadhoo,MV,1598548394,3.78,72.97,84.06,71,93,13.8
261,Geraldton,AU,1598547959,-28.77,114.6,53.6,93,40,8.05
262,Honāvar,IN,1598548606,14.28,74.45,78.39,85,100,3.27
263,Hutchinson,US,1598548480,38.06,-97.93,86.0,61,1,10.29
264,Bull Savanna,JM,1598548607,17.89,-77.59,85.42,64,31,18.1
265,Yakovlevka,RU,1598548607,44.42,133.48,73.87,70,82,7.7
266,Baruun-Urt,MN,1598548091,46.68,113.28,65.77,63,99,7.18
267,Ati,TD,1598548608,13.22,18.34,91.45,48,65,5.12
268,Tateyama,JP,1598548608,34.98,139.87,82.99,90,4,1.01
269,Coquimbo,CL,1598548609,-29.95,-71.34,57.2,71,20,11.41
270,Rassvet,RU,1598548609,46.83,40.75,76.91,40,98,7.25
271,San Cristobal,VE,1598547986,7.77,-72.22,89.6,52,20,5.82
272,Genhe,CN,1598548609,50.78,121.52,52.27,73,100,6.33
273,Leh,IN,1598548610,34.17,77.58,62.01,39,96,7.23
274,Khasan,RU,1598548610,42.43,130.64,71.28,97,93,7.09
275,Hamilton,US,1598548512,39.18,-84.53,86.0,74,40,9.17
276,Isahaya,JP,1598548574,32.84,130.04,78.01,88,35,5.99
277,Samoded,RU,1598548610,63.61,40.51,50.45,82,70,5.79
278,Mo i Rana,NO,1598548611,66.31,14.14,55.4,54,40,6.93
279,Birao,CF,1598548611,10.28,22.79,76.73,90,83,2.75
280,Birjand,IR,1598548611,32.87,59.22,71.6,19,0,16.11
281,Port Hedland,AU,1598548013,-20.32,118.57,66.2,63,0,6.93
282,Ilhabela,BR,1598548612,-23.78,-45.36,72.34,65,0,4.65
283,Singarāyakonda,IN,1598548612,15.25,80.03,83.08,73,100,7.34
284,Margate,GB,1598548119,51.38,1.39,64.0,92,100,8.01
285,Sumbe,AO,1598548612,-11.21,13.84,73.4,82,75,4.7
286,Luangwa,ZM,1598548612,-15.62,30.42,79.23,34,12,4.72
287,Bairnsdale,AU,1598548613,-37.83,147.62,46.99,79,3,1.99
288,Dayong,CN,1598548613,25.02,118.29,78.8,94,75,11.18
289,Kalemie,CD,1598548613,-5.95,29.19,75.85,57,9,2.59
290,Magnolia,US,1598548613,33.27,-93.24,75.0,95,100,5.01
291,Severo-Kuril'sk,RU,1598548614,50.68,156.12,51.06,89,100,13.38
292,Christchurch,NZ,1598547900,-43.53,172.63,46.0,100,32,4.7
293,Gorontalo,ID,1598547793,0.54,123.06,74.16,87,45,2.75
294,Ginir,ET,1598548379,7.13,40.7,64.4,76,56,8.99
295,Fare,PF,1598548614,-16.7,-151.02,77.74,77,7,15.12
296,Yala,TH,1598548615,6.33,101.25,74.7,92,53,2.89
297,Den Helder,NL,1598548615,52.96,4.76,64.99,77,90,12.75
298,Kushikino,JP,1598548528,31.72,130.27,77.0,88,79,5.01
299,Nidadavole,IN,1598548615,16.92,81.67,80.6,83,75,3.36
300,Linguère,SN,1598548515,15.4,-15.12,92.95,46,59,4.59
301,Campbell River,CA,1598548616,50.02,-125.24,64.4,59,20,6.93
302,Kemijärvi,FI,1598548616,66.71,27.43,47.23,75,45,3.33
303,Mitsamiouli,KM,1598548045,-11.38,43.28,77.0,78,40,3.36
304,Richards Bay,ZA,1598548111,-28.78,32.04,65.88,73,12,16.78
305,Omboué,GA,1598548617,-1.57,9.26,76.62,80,60,11.36
306,Vao,NC,1598548617,-22.67,167.48,66.49,72,90,19.89
307,Tura,IN,1598548511,25.52,90.22,75.36,90,23,5.46
308,Aitape,PG,1598548061,-3.14,142.35,78.04,86,10,3.74
309,Puerto Escondido,MX,1598548018,15.85,-97.07,82.4,51,90,7.94
310,Sindor,RU,1598548618,62.86,51.89,51.66,97,63,5.08
311,Magdiwang,PH,1598548618,12.49,122.51,83.05,79,100,14.05
312,College,US,1598548518,64.86,-147.8,52.0,93,20,1.97
313,Savannah Bight,HN,1598548618,16.45,-85.85,84.22,73,4,19.89
314,Kumul,CN,1598548073,42.8,93.45,76.01,18,93,3.18
315,Clyde River,CA,1598548391,70.47,-68.59,53.6,54,20,5.82
316,Talcahuano,CL,1598548619,-36.72,-73.12,55.4,76,75,9.17
317,Padang,ID,1598548619,-0.95,100.35,77.74,77,63,4.63
318,Saint-François,FR,1598548619,46.42,3.91,84.2,28,62,8.05
319,Athabasca,CA,1598548620,54.72,-113.29,60.57,61,34,10.45
320,Al Bardīyah,LY,1598548510,31.76,25.09,78.31,80,0,14.85
321,Dumka,IN,1598548620,24.27,87.25,78.37,92,98,8.97
322,Chicama,PE,1598548620,-7.84,-79.15,72.77,54,58,10.56
323,Airai,TL,1598548385,-8.93,125.41,57.34,96,35,4.09
324,Saint Anthony,US,1598548104,45.02,-93.22,82.0,69,20,5.82
325,Belaya Gora,RU,1598548621,68.53,146.42,38.57,83,94,2.37
326,Port Blair,IN,1598548089,11.67,92.75,82.13,73,92,7.16
327,Mari-Turek,RU,1598548621,56.79,49.62,61.07,82,68,3.38
328,Presidencia Roque Sáenz Peña,AR,1598548528,-26.79,-60.44,90.99,35,48,4.81
329,Plouzané,FR,1598548514,48.38,-4.62,66.2,77,75,16.11
330,Port Lincoln,AU,1598548622,-34.73,135.87,52.2,89,0,3.22
331,Biga,TR,1598548622,40.23,27.24,82.0,61,33,10.29
332,Vilhena,BR,1598548622,-12.74,-60.15,91.4,43,26,6.93
333,Benjamín Hill,MX,1598548622,30.17,-111.1,97.0,40,0,3.0
334,Tautira,PF,1598548623,-17.73,-149.15,71.6,83,20,3.36
335,Srednekolymsk,RU,1598548029,67.45,153.68,40.12,91,91,4.56
336,Kovylkino,RU,1598548623,54.04,43.91,66.69,59,100,5.55
337,Codrington,AU,1598548392,-38.27,141.97,44.24,80,0,9.04
338,Metković,HR,1598548623,43.05,17.65,87.8,35,54,8.05
339,Quatre Cocos,MU,1598548624,-20.21,57.76,71.6,83,75,8.05
340,Port Augusta,AU,1598548624,-32.5,137.77,44.6,93,75,4.7
341,Amasya Province,TR,1598548624,40.67,35.83,71.6,56,20,21.92
342,Carutapera,BR,1598548624,-1.2,-46.02,85.01,70,93,8.95
343,Vilyuysk,RU,1598548496,63.76,121.62,45.59,57,0,4.56
344,Bucerías,MX,1598548625,20.75,-105.33,82.99,78,75,2.06
345,Saint-Philippe,RE,1598548028,-21.36,55.77,71.6,60,40,4.7
346,Nadym,RU,1598548496,65.53,72.52,62.04,60,74,5.86
347,La Paz,BO,1598548439,-16.5,-68.15,59.0,22,40,12.75
348,Vélingara,SN,1598548625,13.15,-14.12,83.03,76,92,9.66
349,Thaba-Tseka,LS,1598548626,-29.52,28.61,53.76,43,67,16.15
350,Iquitos,PE,1598548574,-3.75,-73.25,91.4,49,9,4.7
351,Port Keats,AU,1598548626,-14.25,129.55,72.48,42,0,9.89
352,Trelew,AR,1598548433,-43.25,-65.31,62.71,31,2,16.91
353,Dudinka,RU,1598547984,69.41,86.18,57.2,76,40,11.18
354,Sambava,MG,1598548627,-14.27,50.17,72.99,78,9,11.3
355,Norman Wells,CA,1598548007,65.28,-126.83,50.0,100,75,2.24
356,Meulaboh,ID,1598548627,4.14,96.13,78.22,84,100,3.13
357,Itigi,TZ,1598548627,-5.7,34.48,73.4,34,18,7.45
358,Gornopravdinsk,RU,1598548405,60.05,69.9,55.71,88,62,4.36
359,Ambunti,PG,1598548628,-4.24,142.84,73.56,98,21,0.56
360,Lodja,CD,1598548628,-3.48,23.43,70.68,93,97,2.04
361,Umluj,SA,1598548628,25.02,37.27,84.02,63,0,4.32
362,Umba,RU,1598548496,66.69,34.34,49.62,79,95,8.95
363,Haimen,CN,1598548628,23.19,116.61,77.0,94,40,4.47
364,Paamiut,GL,1598548487,61.99,-49.67,43.03,78,100,2.28
365,Anloga,GH,1598547921,5.79,0.9,82.4,69,20,16.11
366,Sampit,ID,1598548531,-2.53,112.95,74.75,86,100,2.37
367,Yangi Marg`ilon,UZ,1598548629,40.43,71.72,69.8,60,4,2.24
368,Arrondissement de Bastia,FR,1598548629,42.67,9.33,84.2,62,1,5.82
369,Semey,KZ,1598548629,50.41,80.23,64.29,69,61,8.88
370,Kavieng,PG,1598548408,-2.57,150.8,82.0,75,14,8.63
371,Byron Bay,AU,1598548630,-28.65,153.62,55.0,87,0,1.12
372,Jinxiang,CN,1598548630,22.86,115.7,79.77,83,48,1.1
373,Caravelas,BR,1598548631,-17.71,-39.25,77.59,67,5,9.46
374,Anadyr,RU,1598548105,64.75,177.48,41.0,93,75,4.47
375,Grand Baie,MU,1598548631,-20.02,57.58,70.0,77,2,4.0
376,Zwedru,LR,1598548632,6.07,-8.13,78.37,89,74,4.36
377,Okhotsk,RU,1598548500,59.38,143.3,53.01,73,91,4.03
378,Estrela,BR,1598548632,-28.06,-50.94,78.55,46,0,3.96
379,Dauphin,CA,1598548632,51.15,-100.05,75.2,50,1,5.82
380,Iberia,US,1598548633,29.95,-91.75,88.0,89,75,19.46
381,Neyshabur,IR,1598548633,36.21,58.8,66.43,28,0,6.26
382,Wanning,CN,1598548092,18.8,110.4,79.99,82,67,2.95
383,Rawson,AR,1598548069,-43.3,-65.1,60.66,36,4,16.84
384,Touros,BR,1598548634,-5.2,-35.46,82.4,61,75,17.22
385,Allāpalli,IN,1598548634,19.42,80.07,73.0,94,100,5.21
386,Odda,NO,1598548485,60.07,6.55,61.0,71,91,5.01
387,Bermeo,ES,1598548635,43.42,-2.72,75.2,78,75,6.93
388,Beisfjord,NO,1598548635,68.38,17.6,50.0,71,75,16.11
389,Nurota,UZ,1598548636,40.56,65.69,71.6,49,0,11.41
390,Colac,AU,1598548636,-38.33,143.58,48.99,91,3,1.99
391,Cayenne,GF,1598547919,4.93,-52.33,91.4,63,25,5.82
392,Comalapa,GT,1598548412,14.74,-90.89,70.0,82,75,11.41
393,Awjilah,LY,1598548636,29.11,21.29,89.37,25,0,7.58
394,Lensk,RU,1598548351,60.73,114.93,47.32,56,4,7.05
395,Xichang,CN,1598548638,27.9,102.26,67.87,75,98,1.19
396,São João da Barra,BR,1598548041,-21.64,-41.05,78.8,61,75,6.93
397,Aklavik,CA,1598548046,68.22,-135.01,39.2,86,90,8.05
398,Lindi,TZ,1598548638,-10.0,39.72,77.0,65,20,4.79
399,Maroantsetra,MG,1598548398,-15.43,49.73,71.74,79,58,5.86
400,Te Anau,NZ,1598548519,-45.42,167.72,39.25,90,87,5.01
401,Vila Velha,BR,1598548088,-20.33,-40.29,77.0,73,40,12.75
402,Riviere-au-Renard,CA,1598548639,49.0,-64.4,57.2,62,75,24.16
403,Wattegama,LK,1598548639,6.8,81.48,79.14,72,38,8.88
404,Bundaberg,AU,1598548639,-24.85,152.35,53.01,87,0,8.05
405,Thinadhoo,MV,1598548505,0.53,72.93,83.08,67,100,6.91
406,Pangai,TO,1598548529,-19.8,-174.35,74.5,74,75,17.05
407,Chardara,KZ,1598548640,41.25,67.97,73.13,48,0,12.3
408,Delījān,IR,1598548640,33.99,50.68,74.66,20,14,5.64
409,Visnes,NO,1598548640,59.36,5.22,61.0,67,0,18.34
410,Verkhovazh'ye,RU,1598548641,60.75,42.05,53.47,72,29,2.64
411,Grindavik,IS,1598548069,63.84,-22.43,51.8,76,75,17.22
412,Anori,BR,1598548641,-3.77,-61.64,101.52,31,92,1.92
413,Praia da Vitória,PT,1598548081,38.73,-27.07,78.8,83,40,3.29
414,Baiyin,CN,1598548642,36.56,104.21,68.0,34,50,2.24
415,Nouakchott,MR,1598548642,18.09,-15.98,91.4,63,75,16.11
416,Kiama,AU,1598548642,-34.68,150.87,57.99,56,36,10.0
417,Rindal,NO,1598548642,63.06,9.21,57.2,62,20,14.99
418,Alyangula,AU,1598548643,-13.85,136.42,62.6,100,2,16.64
419,Nālūt,LY,1598548643,30.33,10.85,94.21,16,0,8.61
420,Gamba,GA,1598548643,-2.65,10.0,75.65,84,84,9.71
421,Luena,AO,1598548643,-11.78,19.92,75.0,20,18,3.29
422,Shakhovskaya,RU,1598548644,56.03,35.51,55.47,96,87,7.47
423,Makakilo City,US,1598548083,21.35,-158.09,78.8,78,1,4.7
424,Vila Franca do Campo,PT,1598548091,37.72,-25.43,77.0,88,40,10.29
425,Baracoa,CU,1598548645,20.35,-74.5,88.68,63,20,7.29
426,Tūkrah,LY,1598548645,32.53,20.58,79.75,68,0,13.33
427,Tambura,SS,1598548645,5.6,27.47,72.73,87,35,2.08
428,Ingham,US,1598548645,42.6,-84.38,89.6,52,40,11.41
429,Kamphaeng Phet,TH,1598548509,16.48,99.52,77.38,82,95,2.75
430,Black River,JM,1598548646,18.03,-77.85,90.0,70,20,6.93
431,Marrakesh,MA,1598548590,31.63,-8.01,107.6,15,40,12.75
432,Fethiye,TR,1598548646,36.62,29.12,84.2,70,0,10.29
433,Asentamiento Humano Nicolas de Pierola,PE,1598548646,-11.95,-76.7,62.6,77,90,5.82
434,Cidreira,BR,1598548054,-30.18,-50.21,68.99,61,84,9.8
435,Tezu,IN,1598548647,27.92,96.17,76.48,85,32,3.2
436,Constitución,CL,1598548647,-35.33,-72.42,54.19,62,100,5.46
437,Aswān,EG,1598548082,24.09,32.91,94.14,15,0,10.92
438,Ancud,CL,1598548647,-41.87,-73.82,50.0,81,40,16.11
439,La Victoria,VE,1598548648,10.22,-67.33,82.0,62,5,2.89
440,Prome,MM,1598548648,18.82,95.22,76.39,91,85,3.2
441,Tilichiki,RU,1598548497,60.47,166.1,40.23,83,100,6.44
442,Yerbogachën,RU,1598548648,61.28,108.01,48.6,63,83,6.98
443,Mokshan,RU,1598548649,53.44,44.61,67.51,66,100,10.02
444,Bandarbeyla,SO,1598548649,9.49,50.81,77.07,79,100,30.69
445,Mayumba,GA,1598548067,-3.43,10.66,75.16,86,94,11.14
446,Hualmay,PE,1598548649,-11.1,-77.61,67.26,67,56,7.85
447,Chiman,PK,1598548650,32.55,73.81,77.0,88,40,9.17
448,Banda Aceh,ID,1598548064,5.56,95.32,80.69,75,99,1.66
449,Along,IN,1598548650,28.17,94.77,73.94,89,19,1.16
450,Sloboda,RU,1598548650,51.14,40.3,67.89,60,100,6.06
451,Kitgum,UG,1598548650,3.28,32.89,70.5,83,89,3.33
452,Burnie,AU,1598548651,-41.07,145.92,45.0,67,8,8.01
453,Clearwater,US,1598548651,27.97,-82.8,91.0,62,40,6.93
454,Levelland,US,1598548651,33.59,-102.38,91.99,35,1,13.87
455,Gualeguay,AR,1598548652,-33.14,-59.31,66.74,49,73,14.32
456,Angoche,MZ,1598548412,-16.23,39.91,75.31,83,57,11.03
457,Itacoatiara,BR,1598548652,-3.14,-58.44,96.71,34,100,1.79
458,León,MX,1598548652,21.12,-101.67,71.6,64,90,5.82
459,Gravdal,NO,1598548653,68.12,13.5,48.2,81,75,4.7
460,Takaka,NZ,1598548653,-40.85,172.8,39.0,96,69,1.99
461,Bentiu,SS,1598548653,9.23,29.83,74.79,83,77,0.96
462,Drezdenko,PL,1598548653,52.84,15.83,64.0,60,92,3.0
463,Ushumun,RU,1598548500,52.78,126.53,47.7,90,68,6.11
464,Zhumadian,CN,1598548512,32.98,114.03,71.92,81,0,4.92
465,Baijiantan,CN,1598548654,45.63,85.18,67.98,47,100,10.56
466,Farah,AF,1598548426,32.5,62.5,65.91,31,0,5.39
467,Maceió,BR,1598548554,-9.67,-35.74,80.6,61,40,11.41
468,Cap Malheureux,MU,1598548076,-19.98,57.61,71.01,77,3,4.0
469,Ukiah,US,1598548654,39.15,-123.21,69.01,55,1,2.46
470,Colares,PT,1598548655,38.8,-9.45,75.99,73,75,20.8
471,Vysokogornyy,RU,1598548655,50.12,139.15,57.29,88,100,2.01
472,Kungurtug,RU,1598548086,50.6,97.52,42.46,82,52,0.94
473,Tabou,CI,1598548655,4.42,-7.35,77.5,81,100,11.05
474,Novikovo,RU,1598548656,51.15,37.89,67.48,55,94,7.25
475,Vredendal,ZA,1598548518,-31.67,18.5,56.71,70,84,9.89
476,Zhezkazgan,KZ,1598548093,47.8,67.71,73.76,41,52,8.93
477,Lixouri,GR,1598548656,38.2,20.43,82.4,78,0,9.17
478,Sapouy,BF,1598548388,11.55,-1.77,77.54,88,92,7.99
479,Imbituba,BR,1598548656,-28.24,-48.67,73.4,60,0,14.99
480,Scarborough,GB,1598548657,54.28,-0.4,55.99,95,99,1.01
481,Belyy Yar,RU,1598548080,53.6,91.39,55.4,87,98,4.47
482,Rock Sound,BS,1598548657,24.9,-76.2,83.91,78,20,12.19
483,Mercedes,AR,1598548657,-34.65,-59.43,69.01,43,53,5.01
484,Zhigansk,RU,1598548496,66.77,123.37,47.62,55,37,7.34
485,Kamaishi,JP,1598548658,39.27,141.88,76.5,86,10,6.15
486,Karratha,AU,1598548407,-20.74,116.85,75.06,54,0,5.97
487,Palestine,PS,1598548659,31.92,35.2,82.4,58,20,9.17
488,Zhuanghe,CN,1598548659,39.7,122.99,75.0,87,100,4.79
489,Manokwari,ID,1598548532,-0.87,134.08,78.62,74,13,5.28
490,Porto Franco,BR,1598548659,-6.34,-47.4,100.33,23,27,3.24
491,Krasnosel'kup,RU,1598548496,65.7,82.47,55.29,90,55,8.21
492,Pontianak,ID,1598548660,-0.03,109.33,76.1,93,85,2.17
493,Talara,PE,1598548402,-4.58,-81.27,73.4,60,58,12.75
494,Auki,SB,1598548113,-8.77,160.7,78.22,85,97,4.03
495,Pevek,RU,1598548660,69.7,170.31,35.74,95,11,1.81
496,Brewster,US,1598548660,41.4,-73.62,84.0,73,77,1.99
497,Otavalo,EC,1598548661,0.23,-78.27,66.2,32,40,3.36
498,Brigantine,US,1598548661,39.41,-74.36,91.4,49,20,14.99
499,Portland,US,1598548661,45.52,-122.68,68.0,63,1,3.36
500,Walvis Bay,NA,1598548661,-22.96,14.51,59.0,67,1,9.17
501,Makhachkala,RU,1598548662,42.98,47.5,69.8,88,0,8.95
502,Kahului,US,1598548662,20.89,-156.47,78.8,65,40,10.29
503,Atherton,GB,1598548662,53.52,-2.49,55.0,90,100,3.0
504,Province of Mantua,IT,1598548663,45.17,10.78,84.0,68,40,1.99
505,Mount Isa,AU,1598548083,-20.73,139.5,64.4,15,1,9.17
506,Bumba,CD,1598548663,2.18,22.47,75.25,88,95,2.8
507,Muros,ES,1598548073,42.78,-9.06,71.01,91,97,4.0
508,Saint-Joseph,RE,1598548663,-21.37,55.62,69.8,60,20,4.7
509,Gelemso,ET,1598548664,8.82,40.52,65.08,76,82,1.01
510,Waiouru,NZ,1598548530,-39.48,175.67,30.56,99,6,3.2
511,Chandler,US,1598548471,33.31,-111.84,100.99,36,75,2.53
512,Canala,NC,1598548664,-21.53,165.95,59.0,77,29,7.34
513,Gravenhurst,CA,1598548664,44.92,-79.37,73.0,94,90,10.29
514,Gao,ML,1598548665,16.64,1.64,96.66,31,24,7.4
515,Port Macquarie,AU,1598548079,-31.43,152.92,39.99,97,0,6.51
516,Chifeng,CN,1598548000,42.27,118.96,63.86,78,100,5.19
517,Kabo,CF,1598548666,7.7,18.63,77.11,85,85,1.3
518,Monterey,US,1598548666,36.25,-121.25,86.0,82,90,5.82
519,San Quintín,MX,1598548514,30.48,-115.95,78.93,60,39,6.24
520,Mahenge,TZ,1598548666,-8.68,36.72,68.94,61,15,2.73
521,Chekmagush,RU,1598548666,55.13,54.66,66.72,62,0,9.4
522,Saint-Pierre,RE,1598548667,-21.34,55.48,69.8,60,2,4.7
523,Durant,US,1598548667,33.99,-96.37,89.6,49,75,5.82
524,Shenjiamen,CN,1598548667,29.96,122.3,80.1,88,100,14.05
525,Sharjah city,AE,1598548451,25.36,55.4,102.2,42,53,4.7
526,Borgarnes,IS,1598548668,64.54,-21.92,51.8,81,75,16.11
527,Martapura,ID,1598548380,-3.42,114.85,75.2,88,91,1.54
528,Teya,RU,1598548080,60.38,92.63,49.33,91,55,3.65
529,Lae,PG,1598548669,-6.72,146.98,75.76,83,83,1.25
530,Crotone,IT,1598548669,39.09,17.12,86.0,51,1,10.29
531,Saurimo,AO,1598548669,-9.66,20.39,76.55,56,95,11.12
532,Vestmannaeyjar,IS,1598548670,63.44,-20.27,51.8,66,75,16.11
533,Kirakira,SB,1598548103,-10.45,161.92,79.95,82,97,12.59
534,Nouadhibou,MR,1598548515,20.93,-17.03,89.6,55,0,17.22
535,Kayerkan,RU,1598548670,69.35,87.76,57.2,76,40,11.18
536,Sioux Lookout,CA,1598548383,50.1,-91.92,64.4,63,20,6.93
537,Truth or Consequences,US,1598548670,33.13,-107.25,89.01,28,1,3.36
538,Terney,RU,1598548671,45.05,136.61,67.15,91,100,1.97
539,Camargo,MX,1598548671,27.67,-105.17,85.89,31,1,6.2
540,Cochrane,CA,1598548671,51.18,-114.47,59.0,62,40,5.82
541,Abhā,SA,1598548671,18.22,42.51,73.4,83,40,4.7
542,Oddur,SO,1598548398,4.12,43.89,79.99,52,66,17.2
543,Ayan,RU,1598548672,56.45,138.17,51.06,86,100,2.55
544,Evensk,RU,1598547985,61.95,159.23,45.97,72,85,12.37
545,Sorong,ID,1598548504,-0.88,131.25,79.2,86,65,11.52
546,Amapá,BR,1598548672,1.0,-52.0,97.47,35,17,0.56
547,Eydhafushi,MV,1598548673,5.1,73.07,83.75,73,57,13.4
548,Grindsted,DK,1598548673,55.75,8.91,61.0,67,78,8.05
549,Batticaloa,LK,1598548673,7.71,81.69,82.36,74,31,3.22
550,Khani,GE,1598548674,41.96,42.96,75.2,78,75,9.17
551,Burē,ET,1598548674,10.7,37.07,59.43,92,92,2.91
552,Grand-Santi,GF,1598548674,4.25,-54.38,91.18,58,13,0.98
553,Natchitoches,US,1598548675,31.77,-93.13,73.4,94,100,17.22
554,Goba,ET,1598548675,7.02,39.98,53.31,87,95,3.56
555,Porbandar,IN,1598548675,21.64,69.61,81.5,85,53,16.06
